Workbook

Sheet Hoja1
A1: FECHA | B1: ID_PDTO | C1: PRECIO | D1: PRODUCTO/MODELO | E1: TALLA | F1: Nivel de Ventas (unidades) | G1: SATISFACCION CLIENTE | H1: TEMPORADA | I1: MATERIAL | J1: CANAL DE DISTRIBUCION | K1: SEXO | L1: TIPO DE PRENDA
A2: 45292 | B2: 14 | C2: =VLOOKUP(B2,'Clasificador de productos'!$A$1:$C$282,3) -> 20 | D2: =VLOOKUP(B2,'Clasificador de productos'!$A$1:$C$282,2) -> Pijama “Arcoíris Mágico” | E2: 6 | F2: 41 | G2: 4.2 | H2: invierno | I2: Algodón ligero | J2: Instagram Shop | K2: Niño | L2: mono entero
A3: 45293 | B3: 13 | C3: =VLOOKUP(B3,'Clasificador de productos'!$A$1:$C$282,3) -> 15 | D3: =VLOOKUP(B3,'Clasificador de productos'!$A$1:$C$282,2) -> Pijama “Ositos Dormilones” | E3: 8 | F3: 57 | G3: 4.8 | H3: invierno | I3: Franela suave | J3: Facebook | K3: Niña | L3: Conjunto largo
A4: 45294 | B4: 11 | C4: =VLOOKUP(B4,'Clasificador de productos'!$A$1:$C$282,3) -> 20 | D4: =VLOOKUP(B4,'Clasificador de productos'!$A$1:$C$282,2) -> Pijama “Aventura Nocturna” | E4: 10 | F4: 53 | G4: 4.5 | H4: invierno | I4: Algodón hipoalergénico | J4: Amazon | K4: Niño | L4: Conjunto largo
A5: 45295 | B5: 11 | C5: =VLOOKUP(B5,'Clasificador de productos'!$A$1:$C$282,3) -> 20 | D5: =VLOOKUP(B5,'Clasificador de productos'!$A$1:$C$282,2) -> Pijama “Aventura Nocturna” | E5: 4 | F5: 40 | G5: 4.9 | H5: invierno | I5: Algodón orgánico | J5: Mercado Libre | K5: Niña | L5: mono entero
A6: 45296 | B6: 12 | C6: =VLOOKUP(B6,'Clasificador de productos'!$A$1:$C$282,3) -> 18 | D6: =VLOOKUP(B6,'Clasificador de productos'!$A$1:$C$282,2) -> Pijama “Super Espacio” | E6: 12 | F6: 29 | G6: 3.8 | H6: invierno | I6: Franela gruesa | J6: Tienda Aliada Local | K6: Niña | L6: Conjunto largo
A7: 45297 | B7: 13 | C7: =VLOOKUP(B7,'Clasificador de productos'!$A$1:$C$282,3) -> 15 | D7: =VLOOKUP(B7,'Clasificador de productos'!$A$1:$C$282,2) -> Pijama “Ositos Dormilones” | E7: 14 | F7: 32 | G7: 4.4 | H7: invierno | I7: Algodón y polar | J7: Instagram + TikTok | K7: Niño | L7: mono entero
A8: 45298 | B8: 13 | C8: =VLOOKUP(B8,'Clasificador de productos'!$A$1:$C$282,3) -> 15 | D8: =VLOOKUP(B8,'Clasificador de productos'!$A$1:$C$282,2) -> Pijama “Ositos Dormilones” | E8: 4 | F8: 27 | G8: 4.2 | H8: invierno | I8: Algodón ligero | J8: Amazon | K8: Niña | L8: Conjunto largo
A9: 45299 | B9: 11 | C9: =VLOOKUP(B9,'Clasificador de productos'!$A$1:$C$282,3) -> 20 | D9: =VLOOKUP(B9,'Clasificador de productos'!$A$1:$C$282,2) -> Pijama “Aventura Nocturna” | E9: 6 | F9: 46 | G9: 4.2 | H9: invierno | I9: Franela suave | J9: Mercado Libre | K9: Niño | L9: mono entero
A10: 45300 | B10: 10 | C10: =VLOOKUP(B10,'Clasificador de productos'!$A$1:$C$282,3) -> 15 | D10: =VLOOKUP(B10,'Clasificador de productos'!$A$1:$C$282,2) -> Pijama “Dinosaurio Feliz” | E10: 12 | F10: 60 | G10: 4.2 | H10: invierno | I10: Algodón hipoalergénico | J10: Tienda Aliada Local | K10: Niña | L10: Conjunto largo
A11: 45301 | B11: 13 | C11: =VLOOKUP(B11,'Clasificador de productos'!$A$1:$C$282,3) -> 15 | D11: =VLOOKUP(B11,'Clasificador de productos'!$A$1:$C$282,2) -> Pijama “Ositos Dormilones” | E11: 4 | F11: 25 | G11: 3.8 | H11: invierno | I11: Algodón orgánico | J11: Instagram Shop | K11: Niño | L11: mono entero
A12: 45302 | B12: 11 | C12: =VLOOKUP(B12,'Clasificador de productos'!$A$1:$C$282,3) -> 20 | D12: =VLOOKUP(B12,'Clasificador de productos'!$A$1:$C$282,2) -> Pijama “Aventura Nocturna” | E12: 8 | F12: 43 | G12: 4.5 | H12: invierno | I12: Algodón hipoalergénico | J12: Instagram + TikTok | K12: Niña | L12: Conjunto largo
A13: 45303 | B13: 13 | C13: =VLOOKUP(B13,'Clasificador de productos'!$A$1:$C$282,3) -> 15 | D13: =VLOOKUP(B13,'Clasificador de productos'!$A$1:$C$282,2) -> Pijama “Ositos Dormilones” | E13: 14 | F13: 40 | G13: 4.8 | H13: invierno | I13: Algodón orgánico | J13: Mercado Libre | K13: Niño | L13: mono entero
... A125: 45415 | B125: 14 | C125: =VLOOKUP(B125,'Clasificador de productos'!$A$1:$C$282,3) -> 20 | D125: =VLOOKUP(B125,'Clasificador de productos'!$A$1:$C$282,2) -> Pijama “Arcoíris Mágico” | E125: 8 | F125: 58 | G125: 4.8 | H125: primavera | I125: Algodón hipoalergénico | J125: Facebook | K125: Niño | L125: Conjunto largo
A126: TOTAL: | C126: =SUBTOTAL(9,C2:C125) -> 2192 | F126: =SUBTOTAL(9,F2:F125) -> 5247

Sheet Clasificador de productos
A1: ID | B1: Nombre | C1: Precio | D1: Satisfacción del Cliente (1-5 ⭐) | E1: Temporada | F1: Material | G1: Canal de Distribución | H1: Tipo de Prenda
A2: 10 | B2: Pijama “Dinosaurio Feliz” | C2: 15 | E2: invierno
A3: 11 | B3: Pijama “Aventura Nocturna” | C3: 20 | E3: primavera
A4: 12 | B4: Pijama “Super Espacio” | C4: 18
A5: 13 | B5: Pijama “Ositos Dormilones” | C5: 15
A6: 14 | B6: Pijama “Arcoíris Mágico” | C6: 20

Sheet TABLA DISTR. FRECU.
A1: No | B1: Nivel de Ventas (unidades) | C1: COD. CLASE | E1: CLASE | F1: NIVELES | G1: Li | H1: Ls | I1: Fa | J1: Fr | L1: MAX | M1: =MAX(B:B) -> 60
A2: 1 | B2: 25 | C2: =_xlfn.IFS(B2<=$H$2,1,B2<=$H$3,2,B2<=$H$4,3,B2<=$H$5,4,B2<=$H$6,5) -> 1 | E2: 1 | F2: Muy Bajo | G2: =M2 -> 25 | H2: =G2+$M$6 -> 32 | I2: =COUNTIF(C:C,E2) -> 29 | J2: =I2/$I$7*100 -> 23.387097 | L2: MIN | M2: =MIN(B:B) -> 25
A3: 2 | B3: 25 | C3: =_xlfn.IFS(B3<=$H$2,1,B3<=$H$3,2,B3<=$H$4,3,B3<=$H$5,4,B3<=$H$6,5) -> 1 | E3: 2 | F3: Bajo | G3: =H2 -> 32 | H3: =G3+$M$6 -> 39 | I3: =COUNTIF(C:C,E3) -> 19 | J3: =I3/$I$7*100 -> 15.322581
A4: 3 | B4: 25 | C4: =_xlfn.IFS(B4<=$H$2,1,B4<=$H$3,2,B4<=$H$4,3,B4<=$H$5,4,B4<=$H$6,5) -> 1 | E4: 3 | F4: Medio | G4: =H3 -> 39 | H4: =G4+$M$6 -> 46 | I4: =COUNTIF(C:C,E4) -> 30 | J4: =I4/$I$7*100 -> 24.193548 | L4: RANGO | M4: =M1-M2 -> 35
A5: 4 | B5: 25 | C5: =_xlfn.IFS(B5<=$H$2,1,B5<=$H$3,2,B5<=$H$4,3,B5<=$H$5,4,B5<=$H$6,5) -> 1 | E5: 4 | F5: Alto | G5: =H4 -> 46 | H5: =G5+$M$6 -> 53 | I5: =COUNTIF(C:C,E5) -> 22 | J5: =I5/$I$7*100 -> 17.741935 | L5: N. CLASES | M5: 5
A6: 5 | B6: 26 | C6: =_xlfn.IFS(B6<=$H$2,1,B6<=$H$3,2,B6<=$H$4,3,B6<=$H$5,4,B6<=$H$6,5) -> 1 | E6: 5 | F6: Muy alto | G6: =H5 -> 53 | H6: =G6+$M$6 -> 60 | I6: =COUNTIF(C:C,E6) -> 24 | J6: =I6/$I$7*100 -> 19.354839 | L6: AMPLITUD | M6: =M4/M5 -> 7
A7: 6 | B7: 26 | C7: =_xlfn.IFS(B7<=$H$2,1,B7<=$H$3,2,B7<=$H$4,3,B7<=$H$5,4,B7<=$H$6,5) -> 1 | E7: TOTAL | I7: =SUM(I2:I6) -> 124
A8: 7 | B8: 26 | C8: =_xlfn.IFS(B8<=$H$2,1,B8<=$H$3,2,B8<=$H$4,3,B8<=$H$5,4,B8<=$H$6,5) -> 1
A9: 8 | B9: 26 | C9: =_xlfn.IFS(B9<=$H$2,1,B9<=$H$3,2,B9<=$H$4,3,B9<=$H$5,4,B9<=$H$6,5) -> 1 | E9: CONTEO Fa | F9: =IF(I7=COUNT(C:C),"OK","ERROR") -> OK
A10: 9 | B10: 26 | C10: =_xlfn.IFS(B10<=$H$2,1,B10<=$H$3,2,B10<=$H$4,3,B10<=$H$5,4,B10<=$H$6,5) -> 1
A11: 10 | B11: 26 | C11: =_xlfn.IFS(B11<=$H$2,1,B11<=$H$3,2,B11<=$H$4,3,B11<=$H$5,4,B11<=$H$6,5) -> 1
A12: 11 | B12: 26 | C12: =_xlfn.IFS(B12<=$H$2,1,B12<=$H$3,2,B12<=$H$4,3,B12<=$H$5,4,B12<=$H$6,5) -> 1
A13: 12 | B13: 27 | C13: =_xlfn.IFS(B13<=$H$2,1,B13<=$H$3,2,B13<=$H$4,3,B13<=$H$5,4,B13<=$H$6,5) -> 1
A14: 13 | B14: 27 | C14: =_xlfn.IFS(B14<=$H$2,1,B14<=$H$3,2,B14<=$H$4,3,B14<=$H$5,4,B14<=$H$6,5) -> 1
A15: 14 | B15: 28 | C15: =_xlfn.IFS(B15<=$H$2,1,B15<=$H$3,2,B15<=$H$4,3,B15<=$H$5,4,B15<=$H$6,5) -> 1
A16: 15 | B16: 28 | C16: =_xlfn.IFS(B16<=$H$2,1,B16<=$H$3,2,B16<=$H$4,3,B16<=$H$5,4,B16<=$H$6,5) -> 1
A17: 16 | B17: 28 | C17: =_xlfn.IFS(B17<=$H$2,1,B17<=$H$3,2,B17<=$H$4,3,B17<=$H$5,4,B17<=$H$6,5) -> 1
A18: 17 | B18: 28 | C18: =_xlfn.IFS(B18<=$H$2,1,B18<=$H$3,2,B18<=$H$4,3,B18<=$H$5,4,B18<=$H$6,5) -> 1
A19: 18 | B19: 28 | C19: =_xlfn.IFS(B19<=$H$2,1,B19<=$H$3,2,B19<=$H$4,3,B19<=$H$5,4,B19<=$H$6,5) -> 1
A20: 19 | B20: 28 | C20: =_xlfn.IFS(B20<=$H$2,1,B20<=$H$3,2,B20<=$H$4,3,B20<=$H$5,4,B20<=$H$6,5) -> 1
A21: 20 | B21: 29 | C21: =_xlfn.IFS(B21<=$H$2,1,B21<=$H$3,2,B21<=$H$4,3,B21<=$H$5,4,B21<=$H$6,5) -> 1
... A125: 124 | B125: 60 | C125: =_xlfn.IFS(B125<=$H$2,1,B125<=$H$3,2,B125<=$H$4,3,B125<=$H$5,4,B125<=$H$6,5) -> 5

Sheet Hoja3
A1: PRECIO | B1: TALLA | C1: Nivel de Ventas (unidades) | D1: SATISFACCION CLIENTE
A2: 20 | B2: 6 | C2: 41 | D2: 4.2
A3: 15 | B3: 8 | C3: 57 | D3: 4.8
A4: 20 | B4: 10 | C4: 53 | D4: 4.5
A5: 20 | B5: 4 | C5: 40 | D5: 4.9
A6: 18 | B6: 12 | C6: 29 | D6: 3.8
A7: 15 | B7: 14 | C7: 32 | D7: 4.4
A8: 15 | B8: 4 | C8: 27 | D8: 4.2
A9: 20 | B9: 6 | C9: 46 | D9: 4.2
A10: 15 | B10: 12 | C10: 60 | D10: 4.2
A11: 15 | B11: 4 | C11: 25 | D11: 3.8
A12: 20 | B12: 8 | C12: 43 | D12: 4.5
A13: 15 | B13: 14 | C13: 40 | D13: 4.8
... A125: 20 | B125: 8 | C125: 58 | D125: 4.8
A126: 2192 | C126: 5247
